{
    "loss": 0.7297868132591248,
    "compile_metrics": 0.3404255211353302
}